{
  "languageDistribution": {
    "TypeScript": {
      "bytes": 528872,
      "color": "#3178c6",
      "percentage": 80.20138604552417
    },
    "JavaScript": {
      "bytes": 6505,
      "color": "#f1e05a",
      "percentage": 0.9864580016074489
    },
    "CSS": {
      "bytes": 25795,
      "color": "#663399",
      "percentage": 3.9117116297408367
    },
    "Vue": {
      "bytes": 76360,
      "color": "#41b883",
      "percentage": 11.579697617639477
    },
    "HTML": {
      "bytes": 3477,
      "color": "#e34c26",
      "percentage": 0.5272735544333743
    },
    "Lua": {
      "bytes": 12577,
      "color": "#000080",
      "percentage": 1.9072532338534793
    },
    "PowerShell": {
      "bytes": 5844,
      "color": "#012456",
      "percentage": 0.8862199172012192
    }
  },
  "lastYearContributions": null
}