{
  "TypeScript": {
    "bytes": 725225,
    "color": "#3178c6",
    "percentage": 77.30258249090778
  },
  "JavaScript": {
    "bytes": 7255,
    "color": "#f1e05a",
    "percentage": 0.7733189506312329
  },
  "PowerShell": {
    "bytes": 5844,
    "color": "#012456",
    "percentage": 0.6229188073726981
  },
  "Vue": {
    "bytes": 154031,
    "color": "#41b883",
    "percentage": 16.418344767013014
  },
  "HTML": {
    "bytes": 5808,
    "color": "#e34c26",
    "percentage": 0.6190815251917575
  },
  "CSS": {
    "bytes": 27424,
    "color": "#663399",
    "percentage": 2.9231562925032297
  },
  "Lua": {
    "bytes": 12577,
    "color": "#000080",
    "percentage": 1.3405971663802918
  }
}