{
  "Vue": {
    "bytes": 1005433,
    "color": "#41b883",
    "percentage": 50.495445815855874
  },
  "TypeScript": {
    "bytes": 915011,
    "color": "#3178c6",
    "percentage": 45.95421909904698
  },
  "CSS": {
    "bytes": 37034,
    "color": "#663399",
    "percentage": 1.859943268566286
  },
  "HTML": {
    "bytes": 7639,
    "color": "#e34c26",
    "percentage": 0.3836503382993427
  },
  "JavaScript": {
    "bytes": 7598,
    "color": "#f1e05a",
    "percentage": 0.381591212252704
  },
  "Lua": {
    "bytes": 12577,
    "color": "#000080",
    "percentage": 0.6316494704530479
  },
  "PowerShell": {
    "bytes": 5844,
    "color": "#012456",
    "percentage": 0.29350079552577024
  }
}