{
  "Vue": {
    "bytes": 1073786,
    "color": "#41b883",
    "percentage": 51.468658974227466
  },
  "TypeScript": {
    "bytes": 941813,
    "color": "#3178c6",
    "percentage": 45.142935477361505
  },
  "HTML": {
    "bytes": 7639,
    "color": "#e34c26",
    "percentage": 0.3661521810715763
  },
  "CSS": {
    "bytes": 37034,
    "color": "#663399",
    "percentage": 1.7751119091248535
  },
  "JavaScript": {
    "bytes": 7598,
    "color": "#f1e05a",
    "percentage": 0.3641869710409526
  },
  "Lua": {
    "bytes": 12577,
    "color": "#000080",
    "percentage": 0.6028401598818189
  },
  "PowerShell": {
    "bytes": 5844,
    "color": "#012456",
    "percentage": 0.28011432729183033
  }
}