{
  "Vue": {
    "bytes": 1120665,
    "color": "#41b883",
    "percentage": 51.878243648801984
  },
  "TypeScript": {
    "bytes": 966921,
    "color": "#3178c6",
    "percentage": 44.761068853888766
  },
  "CSS": {
    "bytes": 38768,
    "color": "#663399",
    "percentage": 1.7946627669970554
  },
  "JavaScript": {
    "bytes": 7769,
    "color": "#f1e05a",
    "percentage": 0.3596454559636846
  },
  "HTML": {
    "bytes": 7639,
    "color": "#e34c26",
    "percentage": 0.35362744730423307
  },
  "PowerShell": {
    "bytes": 5844,
    "color": "#012456",
    "percentage": 0.27053263542949835
  },
  "Lua": {
    "bytes": 12577,
    "color": "#000080",
    "percentage": 0.5822191916147845
  }
}