{
  "TypeScript": {
    "bytes": 667827,
    "color": "#3178c6",
    "percentage": 75.6123298140338
  },
  "JavaScript": {
    "bytes": 6945,
    "color": "#f1e05a",
    "percentage": 0.7863228509156782
  },
  "Vue": {
    "bytes": 159252,
    "color": "#41b883",
    "percentage": 18.03073961900988
  },
  "HTML": {
    "bytes": 5808,
    "color": "#e34c26",
    "percentage": 0.6575900818024851
  },
  "CSS": {
    "bytes": 24972,
    "color": "#663399",
    "percentage": 2.8273656203119253
  },
  "PowerShell": {
    "bytes": 5844,
    "color": "#012456",
    "percentage": 0.6616660533839055
  },
  "Lua": {
    "bytes": 12577,
    "color": "#000080",
    "percentage": 1.4239859605423306
  }
}