{
  "TypeScript": {
    "bytes": 739125,
    "color": "#3178c6",
    "percentage": 52.12943404343855
  },
  "JavaScript": {
    "bytes": 7361,
    "color": "#f1e05a",
    "percentage": 0.5191608509978031
  },
  "Vue": {
    "bytes": 614029,
    "color": "#41b883",
    "percentage": 43.30659124810895
  },
  "CSS": {
    "bytes": 32199,
    "color": "#663399",
    "percentage": 2.2709496320171523
  },
  "HTML": {
    "bytes": 6730,
    "color": "#e34c26",
    "percentage": 0.474657319279339
  },
  "PowerShell": {
    "bytes": 5844,
    "color": "#012456",
    "percentage": 0.4121690005748079
  },
  "Lua": {
    "bytes": 12577,
    "color": "#000080",
    "percentage": 0.8870379055833948
  }
}