{
  "Vue": {
    "bytes": 1088949,
    "color": "#41b883",
    "percentage": 51.396744814774266
  },
  "TypeScript": {
    "bytes": 957201,
    "color": "#3178c6",
    "percentage": 45.17843859854478
  },
  "HTML": {
    "bytes": 7639,
    "color": "#e34c26",
    "percentage": 0.3605492393491895
  },
  "CSS": {
    "bytes": 38768,
    "color": "#663399",
    "percentage": 1.8297909295836339
  },
  "JavaScript": {
    "bytes": 7734,
    "color": "#f1e05a",
    "percentage": 0.36503309557882335
  },
  "Lua": {
    "bytes": 12577,
    "color": "#000080",
    "percentage": 0.5936153663168944
  },
  "PowerShell": {
    "bytes": 5844,
    "color": "#012456",
    "percentage": 0.27582795585242353
  }
}