{
  "Vue": {
    "bytes": 159370,
    "color": "#41b883",
    "percentage": 17.716064959275393
  },
  "TypeScript": {
    "bytes": 683809,
    "color": "#3178c6",
    "percentage": 76.01433559476155
  },
  "HTML": {
    "bytes": 5808,
    "color": "#e34c26",
    "percentage": 0.645635347201302
  },
  "CSS": {
    "bytes": 24972,
    "color": "#663399",
    "percentage": 2.7759652014998126
  },
  "JavaScript": {
    "bytes": 7199,
    "color": "#f1e05a",
    "percentage": 0.8002632342462419
  },
  "PowerShell": {
    "bytes": 5844,
    "color": "#012456",
    "percentage": 0.6496372191880869
  },
  "Lua": {
    "bytes": 12577,
    "color": "#000080",
    "percentage": 1.3980984438276127
  }
}