{
  "TypeScript": {
    "bytes": 713312,
    "color": "#3178c6",
    "percentage": 63.5062743998255
  },
  "JavaScript": {
    "bytes": 7361,
    "color": "#f1e05a",
    "percentage": 0.6553509345940002
  },
  "Vue": {
    "bytes": 350085,
    "color": "#41b883",
    "percentage": 31.168120083866402
  },
  "CSS": {
    "bytes": 27306,
    "color": "#663399",
    "percentage": 2.4310572775470414
  },
  "HTML": {
    "bytes": 6730,
    "color": "#e34c26",
    "percentage": 0.5991729099059396
  },
  "Lua": {
    "bytes": 12577,
    "color": "#000080",
    "percentage": 1.1197321973086185
  },
  "PowerShell": {
    "bytes": 5844,
    "color": "#012456",
    "percentage": 0.520292196952498
  }
}