{
  "Vue": {
    "bytes": 1117434,
    "color": "#41b883",
    "percentage": 51.62760139936389
  },
  "TypeScript": {
    "bytes": 974416,
    "color": "#3178c6",
    "percentage": 45.01989454872732
  },
  "CSS": {
    "bytes": 38768,
    "color": "#663399",
    "percentage": 1.791156212403184
  },
  "JavaScript": {
    "bytes": 7734,
    "color": "#f1e05a",
    "percentage": 0.3573256847587243
  },
  "Lua": {
    "bytes": 12577,
    "color": "#000080",
    "percentage": 0.5810816055353601
  },
  "HTML": {
    "bytes": 7639,
    "color": "#e34c26",
    "percentage": 0.3529365019229241
  },
  "PowerShell": {
    "bytes": 5844,
    "color": "#012456",
    "percentage": 0.27000404728859384
  }
}