{
  "Lua": {
    "bytes": 12577,
    "color": "#000080",
    "percentage": 1.3615804162796388
  },
  "TypeScript": {
    "bytes": 704039,
    "color": "#3178c6",
    "percentage": 76.21894845329574
  },
  "JavaScript": {
    "bytes": 7199,
    "color": "#f1e05a",
    "percentage": 0.7793605324637927
  },
  "Vue": {
    "bytes": 163267,
    "color": "#41b883",
    "percentage": 17.67521267589471
  },
  "CSS": {
    "bytes": 24972,
    "color": "#663399",
    "percentage": 2.7034575936499277
  },
  "HTML": {
    "bytes": 5808,
    "color": "#e34c26",
    "percentage": 0.6287714922280466
  },
  "PowerShell": {
    "bytes": 5844,
    "color": "#012456",
    "percentage": 0.6326688361881377
  }
}