{
  "TypeScript": {
    "bytes": 683809,
    "color": "#3178c6",
    "percentage": 76.02430789105921
  },
  "JavaScript": {
    "bytes": 7199,
    "color": "#f1e05a",
    "percentage": 0.80036822052318
  },
  "Vue": {
    "bytes": 159252,
    "color": "#41b883",
    "percentage": 17.705270156238015
  },
  "HTML": {
    "bytes": 5808,
    "color": "#e34c26",
    "percentage": 0.6457200478953506
  },
  "CSS": {
    "bytes": 24972,
    "color": "#663399",
    "percentage": 2.7763293794839354
  },
  "PowerShell": {
    "bytes": 5844,
    "color": "#012456",
    "percentage": 0.6497224448864376
  },
  "Lua": {
    "bytes": 12577,
    "color": "#000080",
    "percentage": 1.3982818599138818
  }
}