{
  "Vue": {
    "bytes": 398892,
    "color": "#41b883",
    "percentage": 34.01422844819867
  },
  "TypeScript": {
    "bytes": 714011,
    "color": "#3178c6",
    "percentage": 60.884984578599685
  },
  "CSS": {
    "bytes": 27306,
    "color": "#663399",
    "percentage": 2.3284310590498505
  },
  "HTML": {
    "bytes": 6730,
    "color": "#e34c26",
    "percentage": 0.5738790385778032
  },
  "JavaScript": {
    "bytes": 7361,
    "color": "#f1e05a",
    "percentage": 0.6276855279303432
  },
  "Lua": {
    "bytes": 12577,
    "color": "#000080",
    "percentage": 1.0724631007716243
  },
  "PowerShell": {
    "bytes": 5844,
    "color": "#012456",
    "percentage": 0.4983282468720182
  }
}