{
  "TypeScript": {
    "bytes": 916285,
    "color": "#3178c6",
    "percentage": 45.98877741027198
  },
  "JavaScript": {
    "bytes": 7598,
    "color": "#f1e05a",
    "percentage": 0.3813472126720906
  },
  "Vue": {
    "bytes": 1005433,
    "color": "#41b883",
    "percentage": 50.46315768340853
  },
  "HTML": {
    "bytes": 7639,
    "color": "#e34c26",
    "percentage": 0.38340502205871285
  },
  "CSS": {
    "bytes": 37034,
    "color": "#663399",
    "percentage": 1.8587539713211638
  },
  "Lua": {
    "bytes": 12577,
    "color": "#000080",
    "percentage": 0.6312455769645806
  },
  "PowerShell": {
    "bytes": 5844,
    "color": "#012456",
    "percentage": 0.29331312330293463
  }
}