{
  "TypeScript": {
    "bytes": 725625,
    "color": "#3178c6",
    "percentage": 53.948049283146126
  },
  "JavaScript": {
    "bytes": 7361,
    "color": "#f1e05a",
    "percentage": 0.5472683421508887
  },
  "Lua": {
    "bytes": 12577,
    "color": "#000080",
    "percentage": 0.9350623474027615
  },
  "Vue": {
    "bytes": 559601,
    "color": "#41b883",
    "percentage": 41.604661260152085
  },
  "CSS": {
    "bytes": 27306,
    "color": "#663399",
    "percentage": 2.0301194607760045
  },
  "HTML": {
    "bytes": 6730,
    "color": "#e34c26",
    "percentage": 0.5003553787088005
  },
  "PowerShell": {
    "bytes": 5844,
    "color": "#012456",
    "percentage": 0.43448392766333294
  }
}