{
  "TypeScript": {
    "bytes": 717724,
    "color": "#3178c6",
    "percentage": 77.86756122223139
  },
  "JavaScript": {
    "bytes": 6992,
    "color": "#f1e05a",
    "percentage": 0.7585784898733243
  },
  "Vue": {
    "bytes": 148225,
    "color": "#41b883",
    "percentage": 16.081278126640946
  },
  "HTML": {
    "bytes": 3976,
    "color": "#e34c26",
    "percentage": 0.4313655714725883
  },
  "CSS": {
    "bytes": 26386,
    "color": "#663399",
    "percentage": 2.862679066618641
  },
  "PowerShell": {
    "bytes": 5844,
    "color": "#012456",
    "percentage": 0.634029275574901
  },
  "Lua": {
    "bytes": 12577,
    "color": "#000080",
    "percentage": 1.364508247588215
  }
}